AREST00101_AHALL00501,AHALL00501,AREST00101
ADEPT00601_AHALL00601,AHALL00601,ADEPT00601
ALABS00101_AHALL00601,AHALL00601,ALABS00101
ADEPT00401_AHALL00701,AHALL00701,ADEPT00401
ADEPT00201_AHALL00701,AHALL00701,ADEPT00201
AHALL00801_AHALL00701,AHALL00701,AHALL00801
AEXIT00201_AHALL00801,AHALL00801,AEXIT00201
AHALL00901_AHALL00401,AHALL00401,AHALL00901
ADEPT00301_AHALL00901,AHALL00901,ADEPT00301
ADEPT00901_AHALL00901,AHALL00901,ADEPT00901
AHALL01201_AHALL01001,AHALL01001,AHALL01201
ALABS00201_AHALL01301,AHALL01301,ALABS00201
AHALL01401_AHALL01301,AHALL01301,AHALL01401
AHALL01401_AHALL01201,AHALL01201,AHALL01401
ALABS00301_AHALL01401,AHALL01401,ALABS00301
ALABS00401_AHALL01501,AHALL01501,ALABS00401
AHALL01601_AHALL01501,AHALL01501,AHALL01601
ASTAI00301_AHALL01601,AHALL01601,ASTAI00301
AHALL01701_AHALL01601,AHALL01601,AHALL01701
AELEV00Y01_AHALL01701,AHALL01701,AELEV00Y01
AEXIT00301_AHALL01701,AHALL01701,AEXIT00301
ASERV00101_AHALL01801,AHALL01801,ASERV00101
AHALL02001_AHALL01901,AHALL01901,AHALL02001
ADEPT01101_AHALL02001,AHALL02001,ADEPT01101
AHALL02101_AHALL02001,AHALL02001,AHALL02101
ADEPT01201_AHALL02101,AHALL02101,ADEPT01301
AHALL02201_AHALL02101,AHALL02101,AHALL02201
ADEPT00101_AHALL02301,AHALL02301,ADEPT00101
ADEPT00501_AHALL02301,AHALL02301,ADEPT00501
ALABS00501_ASTAI00401,ASTAI00401,ALABS00501
AEXIT00401_ASTAI00401,ASTAI00401,AEXIT00401
CDEPT00502_CHALL00102,CHALL00102,CDEPT00502
CDEPT00202_CDEPT00502,CDEPT00502,CDEPT00202
CDEPT00102_CDEPT00202,CDEPT00202,CDEPT00102
CHALL00202_CDEPT00102,CDEPT00102,CHALL00202
CDEPT00802_CHALL00302,CHALL00302,CDEPT00802
CHALL00502_CHALL00402,CHALL00402,CHALL00502
CHALL00602_CHALL00502,CHALL00502,CHALL00602
CHALL00702_CHALL00602,CHALL00602,CHALL00702
CSTAI00102_CELEV00102,CELEV00102,CSTAI00102
CHALL00802_CDEPT00402,CDEPT00402,CHALL00802
CHALL00902_CHALL00802,CHALL00802,CHALL00902
DHALL01603_DSERV00703,DHALL01603,DSERV00703
DHALL00203_DHALL00103,DHALL00203,DHALL00103
DELEV00X_DHALL00103,DELEV00X,DHALL00103
DSTAI00103_DHALL00103,DSTAI00103,DHALL00103
DHALL00303_DHALL00203,DHALL00303,DHALL00203
DHALL01703_DHALL00203,DHALL01703,DHALL00203
DDEPT00203_DHALL00303,DDEPT00203,DHALL00303
DHALL00403_DHALL00303,DHALL00403,DHALL00303
DDEPT00303_DHALL00403,DDEPT00303,DHALL00403
DDEPT00403_DHALL00503,DDEPT00403,DHALL00503
DSERV00103_DHALL00603,DSERV00103,DHALL00603
DHALL00703_DHALL00603,DHALL00703,DHALL00603
DSERV00303_DHALL00903,DSERV00303,DHALL00903
DRETL00103_DHALL01103,DRETL00103,DHALL01103
DSERV00203_DHALL01103,DSERV00203,DHALL01103
DRETL00303_DHALL01303,DRETL00303,DHALL01303
DHALL01403_DHALL01303,DHALL01403,DHALL01303
DSTAI00203_DHALL01403,DSTAI00203,DHALL01403
DHALL01503_DHALL01403,DHALL01503,DHALL01403
DELEV00Y_DHALL01503,DELEV00Y,DHALL01503
DELEV00Z_DHALL01503,DELEV00Z,DHALL01503
DSERV00703_DHALL01603,DSERV00703,DHALL01603
DEXIT00203_DRETL00103,DEXIT00203,DRETL00103
DRETL00203_DEXIT00203,DRETL00203,DEXIT00203
ESTAI00104_EHALL00704,ESTAI00104,EHALL00704
EHALL00704_EDEPT00104,EHALL00704,EDEPT00104
EHALL00704_EHALL00604,EHALL00704,EHALL00604
EHALL00604_ECONF00104,EHALL00604,ECONF00104
EHALL00604_EHALL00504,EHALL00604,EHALL00504
EHALL00504_EDEPT00204,EHALL00504,EDEPT00204
EHALL00504_EHALL00404,EHALL00504,EHALL00404
EHALL00404_ECONF00104,EHALL00404,ECONF00104
EHALL00404_ESTAI00204,EHALL00404,ESTAI00204
ESTAI00204_EHALL00304,ESTAI00204,EHALL00304
EHALL00304_EDEPT00304,EHALL00304,EDEPT00304
EHALL00304_EREST00104,EHALL00304,EREST00104
EDEPT00304_EDEPT00404,EDEPT00304,EDEPT00404
EREST00104_EHALL00204,EREST00104,EHALL00204
EHALL00204_ESERV00104,EHALL00204,ESERV00104
EHALL00204_EHALL00104,EHALL00204,EHALL00104
EHALL00104_ESERV00204,EHALL00104,ESERV00204
EHALL00104_ECONF00204,EHALL00104,ECONF00204
EHALL00104_EHALL01804,EHALL00104,EHALL01804
EHALL01804_EHALL00804,EHALL01804,EHALL00804
EHALL00804_EDEPT00704,EHALL00804,EDEPT00704
EHALL00804_EHALL00904,EHALL00804,EHALL00904
EHALL00904_ELABS00104,EHALL00904,ELABS00104
EHALL00904_EHALL01004,EHALL00904,EHALL01004
EHALL01004_EDEPT00704,EHALL01004,EDEPT00704
EHALL01004_EDEPT00604,EHALL01004,EDEPT00604
EHALL01004_EHALL01104,EHALL01004,EHALL01104
EHALL01104_ELABS00204,EHALL01104,ELABS00204
EHALL01104_ESTAI00304,EHALL01104,ESTAI00304
ESTAI00304_ELABS00304,ESTAI00304,ELABS00304
ESTAI00304_EHALL01204,ESTAI00304,EHALL01204
EHALL01204_EDEPT00804,EHALL01204,EDEPT00804
EHALL01204_ESERV00304,EHALL01204,ESERV00304
EHALL01204_EHALL01304,EHALL01204,EHALL01304
EHALL01304_ESERV00504,EHALL01304,ESERV00504
EHALL01304_ESERV00604,EHALL01304,ESERV00604
EHALL01304_EHALL01404,EHALL01304,EHALL01404
EHALL01404_ESERV00704,EHALL01404,ESERV00704
EHALL01404_EHALL01504,EHALL01404,EHALL01504
EHALL01504_ESERV00804,EHALL01504,ESERV00804
EHALL01504_ESERV00404,EHALL01504,ESERV00404
EHALL01504_EHALL01604,EHALL01504,EHALL01604
EHALL01604_EDEPT00904,EHALL01604,EDEPT00904
EHALL01604_EDEPT01004,EHALL01604,EDEPT01004
EHALL01604_EHALL01704,EHALL01604,EHALL01704
EHALL01704_ELABS00404,EHALL01704,ELABS00404
EHALL01704_ESERV00904,EHALL01704,ESERV00904
EHALL01704_ESTAI00404,EHALL01704,ESTAI00404
ESTAI00404_ELABS00504,ESTAI00404,ELABS00504
EHALL01804_EDEPT00504,EHALL01804,EDEPT00504
EHALL01804_EHALL01904,EHALL01804,EHALL01904
EHALL01904_EELEV00Y04,EHALL01904,EELEV00Y04
EHALL01904_EELEV00Z04,EHALL01904,EELEV00Z04
EHALL02004_EDEPT01204,EHALL02004,EDEPT01204
EHALL02004_ESERV01004,EHALL02004,ESERV01004
EHALL02004_EHALL02104,EHALL02004,EHALL02104
EHALL02104_ESERV01104,EHALL02104,ESERV01104
EHALL02104_EHALL02204,EHALL02104,EHALL02204
EHALL02204_EDEPT01304,EHALL02204,EDEPT01304
EHALL02204_EHALL02304,EHALL02204,EHALL02304
EHALL02304_EDEPT01504,EHALL02304,EDEPT01504
EHALL02304_EHALL02404,EHALL02304,EHALL02404
EHALL02404_EDEPT01404,EHALL02404,EDEPT01404
EHALL02404_EHALL02504,EHALL02404,EHALL02504
EHALL02504_EDEPT01504,EHALL02504,EDEPT01504
EHALL02504_ESERV01204,EHALL02504,ESERV01204
EHALL02504_EHALL02704,EHALL02504,EHALL02704
EHALL02704_EHALL02604,EHALL02704,EHALL02604
EHALL02604_EELEV00X04,EHALL02604,EELEV00X04
EHALL02604_ESTAI00604,EHALL02604,ESTAI00604
EHALL02604_EREST00204,EHALL02604,EREST00204
EREST00204_EHALL03104,EREST00204,EHALL03104
EHALL02704_EHALL02804,EHALL02704,EHALL02804
EHALL02804_EHALL02904,EHALL02804,EHALL02904
EHALL02904_EDEPT01604,EHALL02904,EDEPT01604
EHALL02904_EHALL03004,EHALL02904,EHALL03004
EHALL03004_EDEPT02004,EHALL03004,EDEPT02004
EHALL03004_EHALL03104,EHALL03004,EHALL03104
EHALL03104_EHALL03204,EHALL03104,EHALL03204
EHALL03204_EDEPT01904,EHALL03204,EDEPT01904
EHALL03204_EHALL03304,EHALL03204,EHALL03304
EHALL03304_EDEPT01804,EHALL03304,EDEPT01804
EHALL03304_EHALL03404,EHALL03304,EHALL03404
EHALL03404_EDEPT01704,EHALL03404,EDEPT01704
EHALL03404_EHALL03504,EHALL03404,EHALL03504
EHALL03504_EHALL02704,EHALL03504,EHALL02704
FSTAI00105_FHALL00105,FSTAI00105,FHALL00105
FHALL00105_FHALL00205,FHALL00105,FHALL00205
FHALL00205_FDEPT00205,FHALL00205,FDEPT00205
FHALL00205_FHALL00305,FHALL00205,FHALL00305
FHALL00305_FHALL00405,FHALL00305,FHALL00405
FHALL00505_FHALL00605,FHALL00505,FHALL00605
FHALL00605_FHALL00705,FHALL00605,FHALL00705
FHALL00705_FHALL00805,FHALL00705,FHALL00805
FHALL00705_FHALL00905,FHALL00705,FHALL00905
FHALL00905_FHALL01005,FHALL00905,FHALL01005
FHALL01005_FHALL01105,FHALL01005,FHALL01105
FHALL01105_FHALL01205,FHALL01105,FHALL01205
FHALL01205_FHALL01305,FHALL01205,FHALL01305
FHALL01305_FHALL01405,FHALL01305,FHALL01405
FHALL01405_FHALL01505,FHALL01405,FHALL01505
FHALL01505_FHALL01605,FHALL01505,FHALL01605
FHALL01605_FHALL01705,FHALL01605,FHALL01705
FHALL01605_FHALL01805,FHALL01605,FHALL01805
FHALL01805_FHALL02005,FHALL01805,FHALL02005
FHALL01705_FHALL01905,FHALL01705,FHALL01905
FHALL02005_FHALL01305,FHALL02005,FHALL01305
FHALL01905_FHALL01305,FHALL01905,FHALL01305
FHALL00305_FDEPT00305,FHALL00305,FDEPT00305
FHALL00305_FDEPT00405,FHALL00305,FDEPT00405
FHALL00405_FDEPT00505,FHALL00405,FDEPT00505
FDEPT00105_FSTAI00205,FDEPT00105,FSTAI00205
FHALL00605_FDEPT01905,FHALL00605,FDEPT01905
FHALL00605_FSTAI00405,FHALL00605,FSTAI00405
FHALL00705_FDEPT00605,FHALL00705,FDEPT00605
FHALL00805_FDEPT00705,FHALL00805,FDEPT00705
FHALL00905_FDEPT01005,FHALL00905,FDEPT01005
FHALL01005_FDEPT00905,FHALL01005,FDEPT00905
FHALL01005_FDEPT01105,FHALL01005,FDEPT01105
FHALL01005_FDEPT00805,FHALL01005,FDEPT00805
FHALL00505_FELEV00Z05,FHALL00505,FELEV00Z05
FHALL01405_FELEV00X05,FHALL01405,FELEV00X05
FHALL01905_FSERV00405,FHALL01905,FSERV00405
FHALL02005_FSERV00505,FHALL02005,FSERV00505
FHALL00405_FSERV00105,FHALL00405,FSERV00105
FHALL01205_FSERV00205,FHALL01205,FSERV00205
FHALL01205_FSERV00305,FHALL01205,FSERV00305
FHALL01105_FDEPT01305,FHALL01105,FDEPT01305
FHALL01105_FDEPT01405,FHALL01105,FDEPT01405
FHALL01205_FDEPT01505,FHALL01205,FDEPT01505
FHALL01705_FDEPT01605,FHALL01705,FDEPT01605
FHALL01605_FDEPT01705,FHALL01605,FDEPT01705
FHALL01805_FDEPT01805,FHALL01805,FDEPT01805
OELEV1216A,AELEV00X01,CELEV00102
OELEvV1216B,AELEV00X01,DELEV00X
OELEV1216C,AELEV00X01,EELEV00X04
OELEV1216D,AELEV00X01,FELEV00X05
ACONF00102AHALL00102,ACONF00102,AHALL00102
ACONF00103AHALL00503,ACONF00103,AHALL00503
ACONF0010GAHALL0060G,ACONF0010G,AHALL0060G
ACONF0010GAHALL0080G,ACONF0010G,AHALL0080G
ADEPT00101AHALL00401,ADEPT00101,AHALL00401
ADEPT00102AHALL00502,ADEPT00102,AHALL00502
ADEPT0010GAHALL0040G,ADEPT0010G,AHALL0040G
ADEPT0020GAHALL0110G,ADEPT0020G,AHALL0110G
AELEV00S01AELEV00S02,AELEV00S01,AELEV00S02
AELEV00S01AELEV00S03,AELEV00S01,AELEV00S03
AELEV00S02AELEV00S03,AELEV00S02,AELEV00S03
AELEV00S02AHALL00402,AELEV00S02,AHALL00402
AELEV00S03AHALL00103,AELEV00S03,AHALL00103
AELEV00S0GAELEV00S01,AELEV00S0G,AELEV00S01
AELEV00S0GAELEV00S02,AELEV00S0G,AELEV00S02
AELEV00S0GAELEV00S03,AELEV00S0G,AELEV00S03
AELEV00S0GAHALL0090G,AELEV00S0G,AHALL0090G
AELEV00SL2AELEV00S01,AELEV00SL2,AELEV00S01
AELEV00SL2AELEV00S02,AELEV00SL2,AELEV00S02
AELEV00SL2AELEV00S03,AELEV00SL2,AELEV00S03
AELEV00SL2AELEV00S0G,AELEV00SL2,AELEV00S0G
AHALL0010GAEXIT0010G,AHALL0010G,AEXIT0010G
AHALL001L2AELEV00SL2,AHALL001L2,AELEV00SL2
AHALL00201AHALL00101,AHALL00201,AHALL00101
AHALL00202AHALL00102,AHALL00202,AHALL00102
AHALL00203AHALL00103,AHALL00203,AHALL00103
AHALL0020GAHALL0010G,AHALL0020G,AHALL0010G
AHALL0020GAHALL0060G,AHALL0020G,AHALL0060G
AHALL002L2AHALL001L2,AHALL002L2,AHALL001L2
AHALL002L2AEXIT001L2,AHALL002L2,AEXIT001L2
AHALL002L2AHALL003L2,AHALL002L2,AHALL003L2
AHALL00301AHALL00201,AHALL00301,AHALL00201
AHALL00302AHALL00202,AHALL00302,AHALL00202
AHALL00303AHALL00203,AHALL00303,AHALL00203
AHALL003L2AHALL004L2,AHALL003L2,AHALL004L2
AHALL00401AHALL00301,AHALL00401,AHALL00301
AHALL00401AHALL00801,AHALL00401,AHALL00801
AHALL00402AHALL00302,AHALL00402,AHALL00302
AHALL00403AHALL00303,AHALL00403,AHALL00303
AHALL0040GAHALL0120G,AHALL0040G,AHALL0120G
AHALL004L2ALABS001L2,AHALL004L2,ALABS001L2
AHALL00501AHALL00401,AHALL00501,AHALL00401
AHALL00502AHALL00402,AHALL00502,AHALL00402
AHALL00503AHALL00403,AHALL00503,AHALL00403
AHALL0050GAHALL0010G,AHALL0050G,AHALL0010G
AHALL00601AHALL00501,AHALL00601,AHALL00501
AHALL00602AHALL00102,AHALL00602,AHALL00102
AHALL00602WHALL01002,AHALL00602,WHALL01002
AHALL00603AHALL00503,AHALL00603,AHALL00503
AHALL0060GAHALL0150G,AHALL0060G,AHALL0150G
AHALL00701AHALL00501,AHALL00701,AHALL00501
AHALL0080GAHALL0060G,AHALL0080G,AHALL0060G
AHALL0080GAHALL0140G,AHALL0080G,AHALL0140G
AHALL00901AHALL01001,AHALL00901,AHALL01001
AHALL0090GAHALL0140G,AHALL0090G,AHALL0140G
AHALL0100GAHALL0080G,AHALL0100G,AHALL0080G
AHALL0110GAHALL0100G,AHALL0110G,AHALL0100G
AHALL0120GAHALL0130G,AHALL0120G,AHALL0130G
AHALL0130GAHALL0020G,AHALL0130G,AHALL0020G
AHALL0140GAINFO0020G,AHALL0140G,AINFO0020G
AINFO0010GAHALL0090G,AINFO0010G,AHALL0090G
AINFO001L2AHALL002L2,AINFO001L2,AHALL002L2
ALABS00103AHALL00203,ALABS00103,AHALL00203
ALABS00203AHALL00303,ALABS00203,AHALL00303
AREST00103AHALL00603,AREST00103,AHALL00603
ARETL00101AHALL00101,ARETL00101,AHALL00101
ASTAI00102AHALL00202,ASTAI00102,AHALL00202
ASTAI0010GAHALL0020G,ASTAI0010G,AHALL0020G
BCONF00102BHALL03402,BCONF00102,BHALL03402
BDEPT00102BHALL03802,BDEPT00102,BHALL03802
BDEPT00202BHALL03402,BDEPT00202,BHALL03402
BDEPT00302WELEV00J02,BDEPT00302,WELEV00J02
BDEPT00402BHALL00602,BDEPT00402,BHALL00602
BDEPT00602BHALL03302,BDEPT00602,BHALL03302
BDEPT00702BHALL01702,BDEPT00702,BHALL01702
BDEPT00802BSTAI00602,BDEPT00802,BSTAI00602
BDEPT00902BHALL01402,BDEPT00902,BHALL01402
BDEPT00902WELEV00E02,BDEPT00902,WELEV00E02
BHALL00102BHALL00202,BHALL00102,BHALL00202
BHALL00102BSTAI01002,BHALL00102,BSTAI01002
BHALL00202BHALL00502,BHALL00202,BHALL00502
BHALL00202BSTAI00202,BHALL00202,BSTAI00202
BHALL00302BHALL03402,BHALL00302,BHALL03402
BHALL00302WELEV00K02,BHALL00302,WELEV00K02
BHALL00402BHALL03102,BHALL00402,BHALL03102
BHALL00402BLABS00102,BHALL00402,BLABS00102
BHALL00402BREST00302,BHALL00402,BREST00302
BHALL00502BDEPT00302,BHALL00502,BDEPT00302
BHALL00502BDEPT00402,BHALL00502,BDEPT00402
BHALL00502WELEV00J02,BHALL00502,WELEV00J02
BHALL00602BHALL00702,BHALL00602,BHALL00702
BHALL00602BHALL01802,BHALL00602,BHALL01802
BHALL00602BREST00202,BHALL00602,BREST00202
BHALL00702BHALL01002,BHALL00702,BHALL01002
BHALL00702BHALL01502,BHALL00702,BHALL01502
BHALL00802BSTAI00302,BHALL00802,BSTAI00302
BHALL00902BHALL03702,BHALL00902,BHALL03702
BHALL01002BHALL01602,BHALL01002,BHALL01602
BHALL01102BHALL01002,BHALL01102,BHALL01002
BHALL01102BHALL01202,BHALL01102,BHALL01202
BHALL01102BHALL02302,BHALL01102,BHALL02302
BHALL01202BHALL01302,BHALL01202,BHALL01302
BHALL01202BSTAI00502,BHALL01202,BSTAI00502
BHALL01202WELEV00G02,BHALL01202,WELEV00G02
BHALL01302BDEPT00802,BHALL01302,BDEPT00802
BHALL01302BINFO00202,BHALL01302,BINFO00202
BHALL01402WHALL00102,BHALL01402,WHALL00102
BHALL01802BDEPT00502,BHALL01802,BDEPT00502
BHALL01902BDEPT00502,BHALL01902,BDEPT00502
BHALL01902BHALL02002,BHALL01902,BHALL02002
BHALL01902BHALL04102,BHALL01902,BHALL04102
BHALL02002BHALL02102,BHALL02002,BHALL02102
BHALL02002BHALL04202,BHALL02002,BHALL04202
BHALL02102BSERV00102,BHALL02102,BSERV00102
BHALL02202BHALL02102,BHALL02202,BHALL02102
BHALL02202BHALL02302,BHALL02202,BHALL02302
BHALL02302BINFO00102,BHALL02302,BINFO00102
BHALL02502BHALL02602,BHALL02502,BHALL02602
BHALL02602BHALL01402,BHALL02602,BHALL01402
BHALL02602BHALL02702,BHALL02602,BHALL02702
BHALL02702BHALL02802,BHALL02702,BHALL02802
BHALL03002BHALL03302,BHALL03002,BHALL03302
BHALL03002BREST00502,BHALL03002,BREST00502
BHALL03002BSTAI00702,BHALL03002,BSTAI00702
BHALL03102BHALL03302,BHALL03102,BHALL03302
BHALL03102BSTAI00802,BHALL03102,BSTAI00802
BHALL03502BHALL00302,BHALL03502,BHALL00302
BHALL03502BHALL00402,BHALL03502,BHALL00402
BHALL03602BHALL03802,BHALL03602,BHALL03802
BHALL03702BHALL03602,BHALL03702,BHALL03602
BHALL04102BHALL04202,BHALL04102,BHALL04202
BHALL04102WELEV00H02,BHALL04102,WELEV00H02
BHALL04202BHALL04302,BHALL04202,BHALL04302
BHALL04202WELEV00H02,BHALL04202,WELEV00H02
BHALL04302BHALL02902,BHALL04302,BHALL02902
BHALL04402BHALL02802,BHALL04402,BHALL02802
BHALL04402BINFO00202,BHALL04402,BINFO00202
BHALL04402WELEV00F02,BHALL04402,WELEV00F02
BINFO00102BHALL04402,BINFO00102,BHALL04402
BINFO00102BLABS00202,BINFO00102,BLABS00202
BINFO00202BHALL02502,BINFO00202,BHALL02502
BINFO00202WELEV00F02,BINFO00202,WELEV00F02
BREST00102BHALL03402,BREST00102,BHALL03402
BREST00202BHALL00802,BREST00202,BHALL00802
BREST00302BSTAI00902,BREST00302,BSTAI00902
BREST00402BHALL03202,BREST00402,BHALL03202
BREST00502BHALL02902,BREST00502,BHALL02902
BSTAI00102BHALL00102,BSTAI00102,BHALL00102
BSTAI00202BHALL03802,BSTAI00202,BHALL03802
BSTAI00502BDEPT00702,BSTAI00502,BDEPT00702
BSTAI00502WELEV00G02,BSTAI00502,WELEV00G02
BSTAI00602BDEPT00902,BSTAI00602,BDEPT00902
BSTAI00602WELEV00E02,BSTAI00602,WELEV00E02
BSTAI00702ESTAI00301,BSTAI00702,ESTAI00301
BSTAI00802BREST00402,BSTAI00802,BREST00402
BSTAI00802ESTAI00401,BSTAI00802,ESTAI00401
BSTAI00902WHALL00602,BSTAI00902,WHALL00602
BSTAI01002BHALL00302,BSTAI01002,BHALL00302
BSTAI01002WELEV00K02,BSTAI01002,WELEV00K02
CCONF002L1WELEV00HL1,CCONF002L1,WELEV00HL1
CCONF003L1CHALL002L1,CCONF003L1,CHALL002L1
CDEPT002L1CDEPT003L1,CDEPT002L1,CDEPT003L1
CDEPT003L1CHALL014L1,CDEPT003L1,CHALL014L1
CDEPT004L1CHALL002L1,CDEPT004L1,CHALL002L1
CHALL001L1CREST001L1,CHALL001L1,CREST001L1
CHALL001L2WELEV00JL2,CHALL001L2,WELEV00JL2
CHALL002L1CSERV001L1,CHALL002L1,CSERV001L1
CHALL002L2CREST001L2,CHALL002L2,CREST001L2
CHALL003L1CCONF003L1,CHALL003L1,CCONF003L1
CHALL003L1CLABS004L1,CHALL003L1,CLABS004L1
CHALL003L2CHALL002L2,CHALL003L2,CHALL002L2
CHALL003L2WELEV00KL2,CHALL003L2,WELEV00KL2
CHALL004L1CREST004L1,CHALL004L1,CREST004L1
CHALL004L2CHALL003L2,CHALL004L2,CHALL003L2
CHALL005L1WELEV00ML1,CHALL005L1,WELEV00ML1
CHALL005L2CHALL006L2,CHALL005L2,CHALL006L2
CHALL005L2WELEV00ML2,CHALL005L2,WELEV00ML2
CHALL006L1CHALL007L1,CHALL006L1,CHALL007L1
CHALL006L2CHALL007L2,CHALL006L2,CHALL007L2
CHALL007L1CHALL008L1,CHALL007L1,CHALL008L1
CHALL007L2CHALL008L2,CHALL007L2,CHALL008L2
CHALL008L1CDEPT004L1,CHALL008L1,CDEPT004L1
CHALL008L1WELEV00KL1,CHALL008L1,WELEV00KL1
CHALL008L2CHALL009L2,CHALL008L2,CHALL009L2
CHALL008L2WELEV00LL2,CHALL008L2,WELEV00LL2
CHALL009L1CHALL010L1,CHALL009L1,CHALL010L1
CHALL009L1CRETL001L1,CHALL009L1,CRETL001L1
CHALL009L2CHALL010L2,CHALL009L2,CHALL010L2
CHALL010L1CREST003L1,CHALL010L1,CREST003L1
CHALL010L2CHALL004L2,CHALL010L2,CHALL004L2
CHALL011L1WELEV00JL1,CHALL011L1,WELEV00JL1
CHALL012L1CHALL013L1,CHALL012L1,CHALL013L1
CHALL013L1CDEPT002L1,CHALL013L1,CDEPT002L1
CHALL014L1WELEV00LL1,CHALL014L1,WELEV00LL1
CHALL015L1CCONF001L1,CHALL015L1,CCONF001L1
CHALL015L1CHALL011L1,CHALL015L1,CHALL011L1
CLABS001L1CREST002L1,CLABS001L1,CREST002L1
CLABS001L2CHALL001L2,CLABS001L2,CHALL001L2
CLABS002L1CHALL005L1,CLABS002L1,CHALL005L1
CLABS002L1CREST001L1,CLABS002L1,CREST001L1
CLABS002L2WELEV00KL2,CLABS002L2,WELEV00KL2
CLABS003L1CHALL006L1,CLABS003L1,CHALL006L1
CLABS004L1CLABS003L1,CLABS004L1,CLABS003L1
CLABS005L1CHALL003L1,CLABS005L1,CHALL003L1
CREST001L2CLABS001L2,CREST001L2,CLABS001L2
CREST002L1CHALL006L1,CREST002L1,CHALL006L1
CREST002L2CSERV001L2,CREST002L2,CSERV001L2
CREST003L1CHALL015L1,CREST003L1,CHALL015L1
CREST004L1CLABS005L1,CREST004L1,CLABS005L1
CRETL001L1CHALL012L1,CRETL001L1,CHALL012L1
CSERV001L1CCONF002L1,CSERV001L1,CCONF002L1
CSERV001L2CLABS002L2,CSERV001L2,CLABS002L2
DDEPT00302DHALL04102,DDEPT00302,DHALL04102
DHALL00102DHALL00202,DHALL00102,DHALL00202
DHALL00202DHALL00302,DHALL00202,DHALL00302
DHALL00302DHALL00402,DHALL00302,DHALL00402
DHALL00302DHALL00502,DHALL00302,DHALL00502
DHALL00502DHALL00602,DHALL00502,DHALL00602
DHALL00602DHALL00702,DHALL00602,DHALL00702
DHALL00702DHALL00802,DHALL00702,DHALL00802
DHALL00802DHALL00902,DHALL00802,DHALL00902
DHALL00902DHALL01002,DHALL00902,DHALL01002
DHALL00902DSTAI00102,DHALL00902,DSTAI00102
DHALL01002DHALL01102,DHALL01002,DHALL01102
DHALL01302DHALL01402,DHALL01302,DHALL01402
DHALL01402DHALL01502,DHALL01402,DHALL01502
DHALL01502DELEV00A02,DHALL01502,DELEV00A02
DHALL01602DHALL01702,DHALL01602,DHALL01702
DHALL01702DHALL01802,DHALL01702,DHALL01802
DHALL01702DHALL01902,DHALL01702,DHALL01902
DHALL01902DHALL02602,DHALL01902,DHALL02602
DHALL01902DHALL06002,DHALL01902,DHALL06002
DHALL02002DHALL02102,DHALL02002,DHALL02102
DHALL02102DHALL02202,DHALL02102,DHALL02202
DHALL02202DHALL02302,DHALL02202,DHALL02302
DHALL02202DRETL00102,DHALL02202,DRETL00102
DHALL02302DHALL02402,DHALL02302,DHALL02402
DHALL02302DSTAI00302,DHALL02302,DSTAI00302
DHALL02402DHALL02502,DHALL02402,DHALL02502
DHALL02602DHALL02702,DHALL02602,DHALL02702
DHALL02602DHALL02802,DHALL02602,DHALL02802
DHALL02702DDEPT00102,DHALL02702,DDEPT00102
DHALL02702DDEPT00202,DHALL02702,DDEPT00202
DHALL02702DEXIT00102,DHALL02702,DEXIT00102
DHALL02802DHALL02902,DHALL02802,DHALL02902
DHALL02802DINFO00102,DHALL02802,DINFO00102
DHALL02902DHALL03002,DHALL02902,DHALL03002
DHALL02902DSTAI00402,DHALL02902,DSTAI00402
DHALL03002DHALL03102,DHALL03002,DHALL03102
DHALL03002DHALL03202,DHALL03002,DHALL03202
DHALL03102DELEV00B02,DHALL03102,DELEV00B02
DHALL03102DREST00102,DHALL03102,DREST00102
DHALL03202DHALL03302,DHALL03202,DHALL03302
DHALL03202DHALL03402,DHALL03202,DHALL03402
DHALL03302DSTAI00502,DHALL03302,DSTAI00502
DHALL03402DHALL03502,DHALL03402,DHALL03502
DHALL03402DHALL04002,DHALL03402,DHALL04002
DHALL03402DHALL04302,DHALL03402,DHALL04302
DHALL03502DHALL03602,DHALL03502,DHALL03602
DHALL03602DHALL03702,DHALL03602,DHALL03702
DHALL03702DHALL03802,DHALL03702,DHALL03802
DHALL03702DSTAI00602,DHALL03702,DSTAI00602
DHALL03802DELEV00C02,DHALL03802,DELEV00C02
DHALL03802DHALL03902,DHALL03802,DHALL03902
DHALL04002DDEPT00302,DHALL04002,DDEPT00302
DHALL04002DREST00202,DHALL04002,DREST00202
DHALL04102DHALL04202,DHALL04102,DHALL04202
DHALL04102DSTAI00702,DHALL04102,DSTAI00702
DHALL04302DHALL04402,DHALL04302,DHALL04402
DHALL04302DHALL04602,DHALL04302,DHALL04602
DHALL04402DHALL04502,DHALL04402,DHALL04502
DHALL04602DHALL04702,DHALL04602,DHALL04702
DHALL04602DLABS00102,DHALL04602,DLABS00102
DHALL04702DHALL04802,DHALL04702,DHALL04802
DHALL04802DHALL04902,DHALL04802,DHALL04902
DHALL04802DHALL05002,DHALL04802,DHALL05002
DHALL05002DHALL05102,DHALL05002,DHALL05102
DHALL05002DREST00302,DHALL05002,DREST00302
DHALL05102DHALL05202,DHALL05102,DHALL05202
DHALL05102DHALL05302,DHALL05102,DHALL05302
DHALL05202DSTAI00802,DHALL05202,DSTAI00802
DHALL05302DHALL05402,DHALL05302,DHALL05402
DHALL05302DREST00402,DHALL05302,DREST00402
DHALL05402DHALL05502,DHALL05402,DHALL05502
DHALL05402DINFO00202,DHALL05402,DINFO00202
DHALL05502DHALL05602,DHALL05502,DHALL05602
DHALL05502DHALL05902,DHALL05502,DHALL05902
DHALL05602DHALL05702,DHALL05602,DHALL05702
DHALL05702DELEV00D02,DHALL05702,DELEV00D02
DHALL05702DHALL05802,DHALL05702,DHALL05802
DHALL05902DDEPT00402,DHALL05902,DDEPT00402
DHALL06002DHALL02002,DHALL06002,DHALL02002
DHALL06002DSTAI00202,DHALL06002,DSTAI00202
EDEPT00201EDEPT00301,EDEPT00201,EDEPT00301
EDEPT00301EHALL02101,EDEPT00301,EHALL02101
EDEPT00401EHALL03101,EDEPT00401,EHALL03101
EDEPT00401EHALL03201,EDEPT00401,EHALL03201
EHALL00301EHALL00401,EHALL00301,EHALL00401
EHALL00301WELEV00K01,EHALL00301,WELEV00K01
EHALL00401EHALL00501,EHALL00401,EHALL00501
EHALL00401ESTAI00201,EHALL00401,ESTAI00201
EHALL00501EHALL00601,EHALL00501,EHALL00601
EHALL00601EHALL00701,EHALL00601,EHALL00701
EHALL00601EHALL00801,EHALL00601,EHALL00801
EHALL00701EDEPT00101,EHALL00701,EDEPT00101
EHALL00701WELEV00J01,EHALL00701,WELEV00J01
EHALL00801EHALL00901,EHALL00801,EHALL00901
EHALL00801EINFO00101,EHALL00801,EINFO00101
EHALL00901EHALL01001,EHALL00901,EHALL01001
EHALL00901EHALL01101,EHALL00901,EHALL01101
EHALL01101EHALL01201,EHALL01101,EHALL01201
EHALL01101EHALL01501,EHALL01101,EHALL01501
EHALL01201EHALL01301,EHALL01201,EHALL01301
EHALL01301EHALL01401,EHALL01301,EHALL01401
EHALL01401EHALL02401,EHALL01401,EHALL02401
EHALL01501EHALL01601,EHALL01501,EHALL01601
EHALL01601EHALL01701,EHALL01601,EHALL01701
EHALL01601EHALL01801,EHALL01601,EHALL01801
EHALL01801EHALL02501,EHALL01801,EHALL02501
EHALL01801WELEV00G01,EHALL01801,WELEV00G01
EHALL01901EDEPT00201,EHALL01901,EDEPT00201
EHALL01901EHALL02001,EHALL01901,EHALL02001
EHALL02001ELABS00101,EHALL02001,ELABS00101
EHALL02001EREST00101,EHALL02001,EREST00101
EHALL02101EHALL02201,EHALL02101,EHALL02201
EHALL02201EHALL02301,EHALL02201,EHALL02301
EHALL02201WELEV00E01,EHALL02201,WELEV00E01
EHALL02401EHALL02501,EHALL02401,EHALL02501
EHALL02401EHALL02901,EHALL02401,EHALL02901
EHALL02501EHALL02801,EHALL02501,EHALL02801
EHALL02501EREST00201,EHALL02501,EREST00201
EHALL02601EHALL02701,EHALL02601,EHALL02701
EHALL02901EHALL03001,EHALL02901,EHALL03001
EHALL02901WELEV00H01,EHALL02901,WELEV00H01
EHALL03001ESTAI00301,EHALL03001,ESTAI00301
EHALL03101EHALL03401,EHALL03101,EHALL03401
EHALL03101EHALL03501,EHALL03101,EHALL03501
EHALL03201EHALL03301,EHALL03201,EHALL03301
EHALL03301ESTAI00401,EHALL03301,ESTAI00401
EHALL03501EHALL03601,EHALL03501,EHALL03601
ELABS00201EDEPT00401,ELABS00201,EDEPT00401
EREST00101EEXIT00201,EREST00101,EEXIT00201
EREST00201WELEV00F01,EREST00201,WELEV00F01
EREST00301ELABS00201,EREST00301,ELABS00201
ESTAI00101EHALL00301,ESTAI00101,EHALL00301
ESTAI00201EEXIT00101,ESTAI00201,EEXIT00101
ESTAI00301EREST00301,ESTAI00301,EREST00301
FDEPT00101FHALL01301,FDEPT00101,FHALL01301
FDEPT00201FHALL02001,FDEPT00201,FHALL02001
FDEPT00301FHALL01701,FDEPT00301,FHALL01701
FDEPT00401FHALL02101,FDEPT00401,FHALL02101
FDEPT00501FEXIT00301,FDEPT00501,FEXIT00301
FHALL00101FHALL00201,FHALL00101,FHALL00201
FHALL00101WHALL00101,FHALL00101,WHALL00101
FHALL00201FHALL00301,FHALL00201,FHALL00301
FHALL00201FSTAI00101,FHALL00201,FSTAI00101
FHALL00301FEXIT00101,FHALL00301,FEXIT00101
FHALL00301FHALL00401,FHALL00301,FHALL00401
FHALL00401FHALL00501,FHALL00401,FHALL00501
FHALL00501FSERV00101,FHALL00501,FSERV00101
FHALL00601FHALL00501,FHALL00601,FHALL00501
FHALL00701WELEV00L01,FHALL00701,WELEV00L01
FHALL00801FHALL00701,FHALL00801,FHALL00701
FHALL00901FHALL00801,FHALL00901,FHALL00801
FHALL00901FHALL01301,FHALL00901,FHALL01301
FHALL01001FHALL01301,FHALL01001,FHALL01301
FHALL01101FHALL00901,FHALL01101,FHALL00901
FHALL01201FHALL01101,FHALL01201,FHALL01101
FHALL01401FHALL01101,FHALL01401,FHALL01101
FHALL01401FSERV00201,FHALL01401,FSERV00201
FHALL01501FHALL01401,FHALL01501,FHALL01401
FHALL01601FHALL01501,FHALL01601,FHALL01501
FHALL01701FHALL01801,FHALL01701,FHALL01801
FHALL01801FHALL00701,FHALL01801,FHALL00701
FHALL01801FHALL03201,FHALL01801,FHALL03201
FHALL01901FHALL01601,FHALL01901,FHALL01601
FHALL01901FHALL02001,FHALL01901,FHALL02001
FHALL01901FHALL02101,FHALL01901,FHALL02101
FHALL02201FHALL02101,FHALL02201,FHALL02101
FHALL02201FHALL02801,FHALL02201,FHALL02801
FHALL02201WELEV00M01,FHALL02201,WELEV00M01
FHALL02301FHALL02401,FHALL02301,FHALL02401
FHALL02401FHALL02501,FHALL02401,FHALL02501
FHALL02501FHALL02601,FHALL02501,FHALL02601
FHALL02601FHALL03101,FHALL02601,FHALL03101
FHALL02701FHALL02601,FHALL02701,FHALL02601
FHALL02701FHALL03301,FHALL02701,FHALL03301
FHALL02801FEXIT00201,FHALL02801,FEXIT00201
FHALL02901FHALL02801,FHALL02901,FHALL02801
FHALL02901FINFO00101,FHALL02901,FINFO00101
FHALL03101FHALL00201,FHALL03101,FHALL00201
FHALL03101FREST00101,FHALL03101,FREST00101
FHALL03201FDEPT00601,FHALL03201,FDEPT00601
FHALL03201FHALL01601,FHALL03201,FHALL01601
FHALL03301FDEPT00501,FHALL03301,FDEPT00501
FLABS00101FHALL02301,FLABS00101,FHALL02301
FRETL00101FHALL00401,FRETL00101,FHALL00401
FRETL00201FHALL03001,FRETL00201,FHALL03001
FSERV00301FHALL02001,FSERV00301,FHALL02001
FSERV00401FHALL01701,FSERV00401,FHALL01701
FSERV00501FHALL02901,FSERV00501,FHALL02901
FSERV00501FHALL03001,FSERV00501,FHALL03001
FSTAI00201FHALL01001,FSTAI00201,FHALL01001
FSTAI00301FHALL02501,FSTAI00301,FHALL02501
GDEPT00403GELEV00Q03,GDEPT00403,GELEV00Q03
GDEPT00403GHALL01003,GDEPT00403,GHALL01003
GDEPT00702GHALL00502,GDEPT00702,GHALL00502
GDEPT01403GELEV00N03,GDEPT01403,GELEV00N03
GDEPT01403GSERV01603,GDEPT01403,GSERV01603
GDEPT01901GCONF02001,GDEPT01901,GCONF02001
GDEPT02402GHALL01702,GDEPT02402,GHALL01702
GDEPT02402GHALL03002,GDEPT02402,GHALL03002
GDEPT03502GHALL03002,GDEPT03502,GHALL03002
GELEV00N01GELEV00N02,GELEV00N01,GELEV00N02
GELEV00N01GELEV00N03,GELEV00N01,GELEV00N03
GELEV00N02GDEPT02402,GELEV00N02,GDEPT02402
GELEV00N02GELEV00N03,GELEV00N02,GELEV00N03
GELEV00Q01GDEPT01901,GELEV00Q01,GDEPT01901
GELEV00Q01GELEV00Q02,GELEV00Q01,GELEV00Q02
GELEV00Q01GELEV00Q03,GELEV00Q01,GELEV00Q03
GELEV00Q02GELEV00Q03,GELEV00Q02,GELEV00Q03
GELEV00Q02GREST03102,GELEV00Q02,GREST03102
GELEV00Q03GHALL00603,GELEV00Q03,GHALL00603
GELEV00QL1GELEV00Q01,GELEV00QL1,GELEV00Q01
GELEV00QL1GELEV00Q02,GELEV00QL1,GELEV00Q02
GELEV00QL1GELEV00Q03,GELEV00QL1,GELEV00Q03
GELEV00QL2GELEV00Q01,GELEV00QL2,GELEV00Q01
GELEV00QL2GELEV00Q02,GELEV00QL2,GELEV00Q02
GELEV00QL2GELEV00Q03,GELEV00QL2,GELEV00Q03
GELEV00QL2GELEV00QL1,GELEV00QL2,GELEV00QL1
GELEV00QL2GHALL007L2,GELEV00QL2,GHALL007L2
GEXIT00101GHALL00201,GEXIT00101,GHALL00201
GEXIT00101GSTAI01301,GEXIT00101,GSTAI01301
GEXIT001L1GHALL002L1,GEXIT001L1,GHALL002L1
GHALL00102GHALL00302,GHALL00102,GHALL00302
GHALL00103GHALL00203,GHALL00103,GHALL00203
GHALL001L2GLABS003L2,GHALL001L2,GLABS003L2
GHALL00201GHALL00301,GHALL00201,GHALL00301
GHALL00202GHALL00102,GHALL00202,GHALL00102
GHALL00203GHALL00303,GHALL00203,GHALL00303
GHALL002L1GHALL003L1,GHALL002L1,GHALL003L1
GHALL00301GHALL02101,GHALL00301,GHALL02101
GHALL00302GHALL00402,GHALL00302,GHALL00402
GHALL00303GDEPT00403,GHALL00303,GDEPT00403
GHALL003L1GHALL004L1,GHALL003L1,GHALL004L1
GHALL003L1GHALL005L1,GHALL003L1,GHALL005L1
GHALL00402GHALL00202,GHALL00402,GHALL00202
GHALL00402GREST00602,GHALL00402,GREST00602
GHALL00502GHALL00302,GHALL00502,GHALL00302
GHALL005L1GHALL006L1,GHALL005L1,GHALL006L1
GHALL005L1GSTAI008L1,GHALL005L1,GSTAI008L1
GHALL005L2GELEV00QL2,GHALL005L2,GELEV00QL2
GHALL00601GHALL00701,GHALL00601,GHALL00701
GHALL00601GREST01201,GHALL00601,GREST01201
GHALL00601GSTAI01301,GHALL00601,GSTAI01301
GHALL00603GHALL00703,GHALL00603,GHALL00703
GHALL00603GHALL00803,GHALL00603,GHALL00803
GHALL006L1GELEV00QL1,GHALL006L1,GELEV00QL1
GHALL00701GHALL00801,GHALL00701,GHALL00801
GHALL00701GHALL01701,GHALL00701,GHALL01701
GHALL007L2GHALL008L2,GHALL007L2,GHALL008L2
GHALL007L2GHALL009L2,GHALL007L2,GHALL009L2
GHALL00801GHALL00901,GHALL00801,GHALL00901
GHALL00803GSTAI00903,GHALL00803,GSTAI00903
GHALL00901GHALL01001,GHALL00901,GHALL01001
GHALL009L2GHALL010L2,GHALL009L2,GHALL010L2
GHALL01002GDEPT00702,GHALL01002,GDEPT00702
GHALL01002GREST00602,GHALL01002,GREST00602
GHALL01003GHALL01103,GHALL01003,GHALL01103
GHALL01003GHALL01303,GHALL01003,GHALL01303
GHALL010L2GHALL011L2,GHALL010L2,GHALL011L2
GHALL01102GDEPT00702,GHALL01102,GDEPT00702
GHALL01102GHALL01202,GHALL01102,GHALL01202
GHALL01103GREST01203,GHALL01103,GREST01203
GHALL011L2GHALL012L2,GHALL011L2,GHALL012L2
GHALL01202GHALL01002,GHALL01202,GHALL01002
GHALL012L2GHALL013L2,GHALL012L2,GHALL013L2
GHALL01302GHALL01102,GHALL01302,GHALL01102
GHALL01303GDEPT01403,GHALL01303,GDEPT01403
GHALL013L2GLABS014L2,GHALL013L2,GLABS014L2
GHALL01401GHALL00801,GHALL01401,GHALL00801
GHALL01401GHALL01501,GHALL01401,GHALL01501
GHALL01402GHALL01202,GHALL01402,GHALL01202
GHALL01402GHALL01302,GHALL01402,GHALL01302
GHALL01501GHALL01601,GHALL01501,GHALL01601
GHALL01502GHALL01302,GHALL01502,GHALL01302
GHALL01602GHALL01402,GHALL01602,GHALL01402
GHALL01602GHALL01502,GHALL01602,GHALL01502
GHALL016L2GHALL017L2,GHALL016L2,GHALL017L2
GHALL01701GELEV00Q01,GHALL01701,GELEV00Q01
GHALL01702GHALL01602,GHALL01702,GHALL01602
GHALL01702GINFO01902,GHALL01702,GINFO01902
GHALL01802GHALL02002,GHALL01802,GHALL02002
GHALL02002GHALL02102,GHALL02002,GHALL02102
GHALL02002GHALL02202,GHALL02002,GHALL02202
GHALL02101GHALL02201,GHALL02101,GHALL02201
GHALL02101GHALL02801,GHALL02101,GHALL02801
GHALL02102GHALL02302,GHALL02102,GHALL02302
GHALL02102GINFO01902,GHALL02102,GINFO01902
GHALL02201GSERV02301,GHALL02201,GSERV02301
GHALL02202GHALL02302,GHALL02202,GHALL02302
GHALL02202WHALL00802,GHALL02202,WHALL00802
GHALL02302GHALL02702,GHALL02302,GHALL02702
GHALL02401GELEV00N01,GHALL02401,GELEV00N01
GHALL02702GSTAI02602,GHALL02702,GSTAI02602
GHALL02801GHALL02901,GHALL02801,GHALL02901
GHALL02901GHALL03001,GHALL02901,GHALL03001
GHALL02902GHALL02702,GHALL02902,GHALL02702
GHALL03001GHALL03101,GHALL03001,GHALL03101
GHALL03001GHALL03301,GHALL03001,GHALL03301
GHALL03002GREST03102,GHALL03002,GREST03102
GHALL03202GSTAI02802,GHALL03202,GSTAI02802
GHALL03301GHALL03401,GHALL03301,GHALL03401
GHALL03302GHALL03202,GHALL03302,GHALL03202
GHALL03302GHALL03402,GHALL03302,GHALL03402
GHALL03401GRETL03501,GHALL03401,GRETL03501
GHALL03402GHALL02902,GHALL03402,GHALL02902
GHALL03602GDEPT03502,GHALL03602,GDEPT03502
GHALL03702GHALL03302,GHALL03702,GHALL03302
GHALL03702GHALL03602,GHALL03702,GHALL03602
GHALL03702GHALL03802,GHALL03702,GHALL03802
GHALL03802GHALL03402,GHALL03802,GHALL03402
GINFO01902GHALL01802,GINFO01902,GHALL01802
GLABS003L2GREST004L2,GLABS003L2,GREST004L2
GLABS014L2GLABS015L2,GLABS014L2,GLABS015L2
GLABS015L2GHALL016L2,GLABS015L2,GHALL016L2
GREST004L2GHALL005L2,GREST004L2,GHALL005L2
GREST00602GHALL00502,GREST00602,GHALL00502
GREST03102GHALL03202,GREST03102,GHALL03202
GSERV02301GHALL02401,GSERV02301,GHALL02401
GSTAI00501GHALL00601,GSTAI00501,GHALL00601
GSTAI008L1GSTAI01301,GSTAI008L1,GSTAI01301
GSTAI00903GSTAI02602,GSTAI00903,GSTAI02602
GSTAI02602GELEV00N02,GSTAI02602,GELEV00N02
GSTAI02802GHALL02902,GSTAI02802,GHALL02902
GSTAI02802GSTAI00501,GSTAI02802,GSTAI00501
HHALL00102HHALL00202,HHALL00102,HHALL00202
HHALL00102HHALL00402,HHALL00102,HHALL00402
HHALL00202HHALL00302,HHALL00202,HHALL00302
HHALL00202HRETL00102,HHALL00202,HRETL00102
HHALL00203HLABS00103,HHALL00203,HLABS00103
HHALL00302HSTAI00102,HHALL00302,HSTAI00102
HHALL00302WHALL00302,HHALL00302,WHALL00302
HHALL00303HHALL00103,HHALL00303,HHALL00103
HHALL00303HHALL00203,HHALL00303,HHALL00203
HHALL00402HHALL00502,HHALL00402,HHALL00502
HHALL00403HHALL00303,HHALL00403,HHALL00303
HHALL00502HHALL00602,HHALL00502,HHALL00602
HHALL00502HRETL00202,HHALL00502,HRETL00202
HHALL00502HRETL00302,HHALL00502,HRETL00302
HHALL00503HHALL00403,HHALL00503,HHALL00403
HHALL00503HSTAI00103,HHALL00503,HSTAI00103
HHALL00602HHALL00702,HHALL00602,HHALL00702
HHALL00603HHALL00703,HHALL00603,HHALL00703
HHALL00702HHALL00802,HHALL00702,HHALL00802
HHALL00702HSTAI00202,HHALL00702,HSTAI00202
HHALL00703HDEPT00103,HHALL00703,HDEPT00103
HHALL00703HHALL00803,HHALL00703,HHALL00803
HHALL00802HHALL00902,HHALL00802,HHALL00902
HHALL00802HSTAI00302,HHALL00802,HSTAI00302
HHALL00803HHALL00903,HHALL00803,HHALL00903
HHALL00803HSERV00103,HHALL00803,HSERV00103
HHALL00902WELEV00M02,HHALL00902,WELEV00M02
HHALL00902WHALL00702,HHALL00902,WHALL00702
HHALL00903HHALL01003,HHALL00903,HHALL01003
HHALL00903HHALL01103,HHALL00903,HHALL01103
HHALL01002HDEPT00102,HHALL01002,HDEPT00102
HHALL01002WHALL00502,HHALL01002,WHALL00502
HHALL01003HBATH00103,HHALL01003,HBATH00103
HHALL01103HDEPT00203,HHALL01103,HDEPT00203
HHALL01103HHALL01203,HHALL01103,HHALL01203
HHALL01203HHALL01303,HHALL01203,HHALL01303
HHALL01303HHALL01403,HHALL01303,HHALL01403
HHALL01403HHALL01503,HHALL01403,HHALL01503
HHALL01503HBATH00203,HHALL01503,HBATH00203
HHALL01503HHALL00603,HHALL01503,HHALL00603
HRETL00202HBATH00102,HRETL00202,HBATH00102
HSTAI00102FSTAI00101,HSTAI00102,FSTAI00101
IHALL00103IHALL00203,IHALL00103,IHALL00203
IHALL00103IREST00103,IHALL00103,IREST00103
IHALL00203IDEPT00103,IHALL00203,IDEPT00103
IHALL00203IHALL00303,IHALL00203,IHALL00303
IHALL00303IDEPT00203,IHALL00303,IDEPT00203
IHALL00303IHALL00403,IHALL00303,IHALL00403
IHALL00403IHALL00503,IHALL00403,IHALL00503
IHALL00403IREST00203,IHALL00403,IREST00203
IHALL00503IDEPT00303,IHALL00503,IDEPT00303
IHALL00503IHALL00603,IHALL00503,IHALL00603
IHALL00603IHALL00703,IHALL00603,IHALL00703
IHALL00703IDEPT00403,IHALL00703,IDEPT00403
IHALL00703IHALL00803,IHALL00703,IHALL00803
IHALL00803IHALL01003,IHALL00803,IHALL01003
IHALL00803IREST00303,IHALL00803,IREST00303
IHALL01003IDEPT00503,IHALL01003,IDEPT00503
IHALL01003IHALL00903,IHALL01003,IHALL00903
IHALL01003IHALL01103,IHALL01003,IHALL01103
IHALL01003WELEV00H03,IHALL01003,WELEV00H03
IHALL01203IHALL01503,IHALL01203,IHALL01503
IHALL01203WELEV00K03,IHALL01203,WELEV00K03
IHALL01303IHALL00203,IHALL01303,IHALL00203
IHALL01303IHALL01203,IHALL01303,IHALL01203
IHALL01303IHALL01403,IHALL01303,IHALL01403
IHALL01303IREST00403,IHALL01303,IREST00403
IHALL01403IHALL01703,IHALL01403,IHALL01703
IHALL01403IREST00503,IHALL01403,IREST00503
IHALL01703IHALL01603,IHALL01703,IHALL01603
IHALL01703IHALL01803,IHALL01703,IHALL01803
IHALL01803IHALL01903,IHALL01803,IHALL01903
IHALL01903IDEPT00803,IHALL01903,IDEPT00803
IHALL01903IHALL02003,IHALL01903,IHALL02003
IHALL02003IDEPT00903,IHALL02003,IDEPT00903
IHALL02203IDEPT00603,IHALL02203,IDEPT00603
IHALL02203IDEPT00703,IHALL02203,IDEPT00703
PHALL00102DHALL02602,PHALL00102,DHALL02602
WELEV00E01WELEV00E02,WELEV00E01,WELEV00E02
WELEV00F01EHALL02601,WELEV00F01,EHALL02601
WELEV00F01WELEV00F02,WELEV00F01,WELEV00F02
WELEV00G01EHALL01901,WELEV00G01,EHALL01901
WELEV00G01WELEV00G02,WELEV00G01,WELEV00G02
WELEV00H01WELEV00H02,WELEV00H01,WELEV00H02
WELEV00H01WELEV00H03,WELEV00H01,WELEV00H03
WELEV00H02WELEV00H03,WELEV00H02,WELEV00H03
WELEV00HL1CHALL004L1,WELEV00HL1,CHALL004L1
WELEV00HL1WELEV00H01,WELEV00HL1,WELEV00H01
WELEV00HL1WELEV00H02,WELEV00HL1,WELEV00H02
WELEV00HL1WELEV00H03,WELEV00HL1,WELEV00H03
WELEV00J01WELEV00J02,WELEV00J01,WELEV00J02
WELEV00J01WELEV00J03,WELEV00J01,WELEV00J03
WELEV00J02WELEV00J03,WELEV00J02,WELEV00J03
WELEV00J03IHALL01803,WELEV00J03,IHALL01803
WELEV00J03IHALL02203,WELEV00J03,IHALL02203
WELEV00JL1WELEV00J01,WELEV00JL1,WELEV00J01
WELEV00JL1WELEV00J02,WELEV00JL1,WELEV00J02
WELEV00JL1WELEV00J03,WELEV00JL1,WELEV00J03
WELEV00JL2WELEV00J01,WELEV00JL2,WELEV00J01
WELEV00JL2WELEV00J02,WELEV00JL2,WELEV00J02
WELEV00JL2WELEV00J03,WELEV00JL2,WELEV00J03
WELEV00JL2WELEV00JL1,WELEV00JL2,WELEV00JL1
WELEV00K01WELEV00K02,WELEV00K01,WELEV00K02
WELEV00K01WELEV00K03,WELEV00K01,WELEV00K03
WELEV00K02WELEV00K03,WELEV00K02,WELEV00K03
WELEV00KL1CHALL009L1,WELEV00KL1,CHALL009L1
WELEV00KL1WELEV00K01,WELEV00KL1,WELEV00K01
WELEV00KL1WELEV00K02,WELEV00KL1,WELEV00K02
WELEV00KL1WELEV00K03,WELEV00KL1,WELEV00K03
WELEV00KL2WELEV00K01,WELEV00KL2,WELEV00K01
WELEV00KL2WELEV00K02,WELEV00KL2,WELEV00K02
WELEV00KL2WELEV00K03,WELEV00KL2,WELEV00K03
WELEV00KL2WELEV00KL1,WELEV00KL2,WELEV00KL1
WELEV00L01FHALL00601,WELEV00L01,FHALL00601
WELEV00L01WELEV00L02,WELEV00L01,WELEV00L02
WELEV00L01WELEV00L03,WELEV00L01,WELEV00L03
WELEV00L02HHALL00102,WELEV00L02,HHALL00102
WELEV00L02WELEV00L03,WELEV00L02,WELEV00L03
WELEV00L03HHALL00603,WELEV00L03,HHALL00603
WELEV00LL1CHALL001L1,WELEV00LL1,CHALL001L1
WELEV00LL1WELEV00L01,WELEV00LL1,WELEV00L01
WELEV00LL1WELEV00L02,WELEV00LL1,WELEV00L02
WELEV00LL1WELEV00L03,WELEV00LL1,WELEV00L03
WELEV00LL2WELEV00L01,WELEV00LL2,WELEV00L01
WELEV00LL2WELEV00L02,WELEV00LL2,WELEV00L02
WELEV00LL2WELEV00L03,WELEV00LL2,WELEV00L03
WELEV00LL2WELEV00LL1,WELEV00LL2,WELEV00LL1
WELEV00M01FHALL02301,WELEV00M01,FHALL02301
WELEV00M01WELEV00M02,WELEV00M01,WELEV00M02
WELEV00M01WELEV00M03,WELEV00M01,WELEV00M03
WELEV00M02HHALL01002,WELEV00M02,HHALL01002
WELEV00M02WELEV00M03,WELEV00M02,WELEV00M03
WELEV00M03HHALL00503,WELEV00M03,HHALL00503
WELEV00ML1CLABS001L1,WELEV00ML1,CLABS001L1
WELEV00ML1WELEV00M01,WELEV00ML1,WELEV00M01
WELEV00ML1WELEV00M02,WELEV00ML1,WELEV00M02
WELEV00ML1WELEV00M03,WELEV00ML1,WELEV00M03
WELEV00ML2CREST002L2,WELEV00ML2,CREST002L2
WELEV00ML2WELEV00M01,WELEV00ML2,WELEV00M01
WELEV00ML2WELEV00M02,WELEV00ML2,WELEV00M02
WELEV00ML2WELEV00M03,WELEV00ML2,WELEV00M03
WELEV00ML2WELEV00ML1,WELEV00ML2,WELEV00ML1
WHALL00101WHALL00201,WHALL00101,WHALL00201
WHALL00102WHALL00202,WHALL00102,WHALL00202
WHALL00103WELEV00M03,WHALL00103,WELEV00M03
WHALL00103WHALL00203,WHALL00103,WHALL00203
WHALL001L2CHALL005L2,WHALL001L2,CHALL005L2
WHALL001L2WHALL002L2,WHALL001L2,WHALL002L2
WHALL00201ESTAI00101,WHALL00201,ESTAI00101
WHALL00202DDEPT00402,WHALL00202,DDEPT00402
WHALL00203IHALL00103,WHALL00203,IHALL00103
WHALL002L2GHALL001L2,WHALL002L2,GHALL001L2
WHALL00302WHALL00402,WHALL00302,WHALL00402
WHALL00402BSTAI00102,WHALL00402,BSTAI00102
WHALL00502WHALL00602,WHALL00502,WHALL00602
WHALL00702WHALL00802,WHALL00702,WHALL00802
WHALL00902GHALL03702,WHALL00902,GHALL03702
WHALL00902WHALL01002,WHALL00902,WHALL01002
XEXIT  102BHALL02802,XEXIT  102,BHALL02802
XHALL15702XEXIT  102,XHALL15702,XEXIT  102
XHALL15802XHALL15902,XHALL15802,XHALL15902
XHALL15802XHALL16402,XHALL15802,XHALL16402
XHALL16002XHALL15902,XHALL16002,XHALL15902
XEXIT  202XHALL16002,XEXIT  202,XHALL16002
XHALL16102XEXIT  202,XHALL16102,XEXIT  202
XHALL16202XHALL16102,XHALL16202,XHALL16102
XHALL16302XHALL16202,XHALL16302,XHALL16202
XELEV 1502XHALL16302,XELEV 1502,XHALL16302
XHALL16402XHALL15702,XHALL16402,XHALL15702
XELEV  803XELEV 1502,XELEV  803,XELEV 1502
XELEV 1101XELEV  803,XELEV 1101,XELEV  803
XHALL  004XELEV 1101,XHALL  004,XELEV 1101
XCONF  004XHALL  004,XCONF  004,XHALL  004
XCONF  104XHALL  004,XCONF  104,XHALL  004
XCONF  104XCONF  004,XCONF  104,XCONF  004
XHALL  104XHALL  004,XHALL  104,XHALL  004
XHALL  104XCONF  104,XHALL  104,XCONF  104
XHALL  204XHALL  104,XHALL  204,XHALL  104
XHALL  304XHALL  204,XHALL  304,XHALL  204
XHALL  404XHALL  304,XHALL  404,XHALL  304
XHALL  504XHALL  404,XHALL  504,XHALL  404
XHALL  604XHALL  504,XHALL  604,XHALL  504
XHALL  604XCONF  704,XHALL  604,XCONF  704
XHALL  604XCONF  804,XHALL  604,XCONF  804
XHALL  604XHALL 1104,XHALL  604,XHALL 1104
XCONF  204XHALL  204,XCONF  204,XHALL  204
XCONF  304XHALL  404,XCONF  304,XHALL  404
XCONF  404XHALL  304,XCONF  404,XHALL  304
XCONF  504XHALL  504,XCONF  504,XHALL  504
XCONF  604XHALL  504,XCONF  604,XHALL  504
XCONF  904XHALL  004,XCONF  904,XHALL  004
XCONF  904XHALL  104,XCONF  904,XHALL  104
XCONF  904XCONF  104,XCONF  904,XCONF  104
XCONF  904XCONF  004,XCONF  904,XCONF  004
XRETL  004XCONF  904,XRETL  004,XCONF  904
XRETL  004XHALL  004,XRETL  004,XHALL  004
XRETL  004XHALL  104,XRETL  004,XHALL  104
XRETL  004XCONF  104,XRETL  004,XCONF  104
XRETL  004XCONF  004,XRETL  004,XCONF  004
XCONF 1004XRETL  004,XCONF 1004,XRETL  004
XCONF 1104XHALL  704,XCONF 1104,XHALL  704
XHALL  804XHALL  204,XHALL  804,XHALL  204
XHALL  904XELEV 1101,XHALL  904,XELEV 1101
XHALL 1004XHALL  904,XHALL 1004,XHALL  904
XHALL 1004XHALL  804,XHALL 1004,XHALL  804
XCONF 1204XHALL  804,XCONF 1204,XHALL  804
XHALL 1104XCONF 1204,XHALL 1104,XCONF 1204
XHALL 1104XHALL  704,XHALL 1104,XHALL  704
XHALL 1204XHALL  704,XHALL 1204,XHALL  704
XHALL 1204XCONF 1204,XHALL 1204,XCONF 1204
XCONF 1304XHALL 1204,XCONF 1304,XHALL 1204
XCONF 1404XHALL 1104,XCONF 1404,XHALL 1104
ALABS00501_AHALL02001,ALABS00501,AHALL02001
AHALL01801_AHALL01901,AHALL01801,AHALL01901
AHALL01801_AHALL01201,AHALL01801,AHALL01201
AHALL02301_AHALL01401,AHALL02301,AHALL01401
AHALL00101_AEXIT00101,AHALL00101,AEXIT00101
AHALL00301_AELEV00X01,AHALL00301,AELEV00X01
AHALL01601_ADEPT00801,AHALL01601,ADEPT00801
AHALL01501_AHALL01401,AHALL01501,AHALL01401
AHALL02201_ADEPT01201,AHALL02201,ADEPT01201
CHALL00802_CHALL00702,CHALL00802,CHALL00702
AHALL01001_AHALL01101,AHALL01001,AHALL01101
ADEPT01001_AHALL01101,ADEPT01001,AHALL01101
OSTAI001L2_OSTAI001L1,OSTAI001L2,OSTAI001L1
OSTAI00503_OSTAI001L2,OSTAI00503,OSTAI001L2
OSTAI01102_OSTAI00503,OSTAI01102,OSTAI00503
OSTAI00701_OSTAI01102,OSTAI00701,OSTAI01102
ALABS001L2_OHALL014L2,ALABS001L2,OHALL014L2
OHALL014L2_OHALL015L2,OHALL014L2,OHALL015L2
OHALL015L2_OHALL018L2,OHALL015L2,OHALL018L2
OHALL018L2_GHALL008L2,OHALL018L2,GHALL008L2
GHALL00303_OSTAI00603,GHALL00303,OSTAI00603
GHALL008L2_OSTAI002L2,GHALL008L2,OSTAI002L2
AHALL02301_ODEPT01401,AHALL02301,ODEPT01401
OEXITATRM_OHALL03701,OEXITATRM,OHALL03701
FDEPT00105_FHALL00105,FDEPT00105,FHALL00105
FSTAI00205_ESTAI00104,FSTAI00205,ESTAI00104
FDEPT00505_FSTAI00305,FDEPT00505,FSTAI00305
OHALL02105_FELEV00Y05,OHALL02105,FELEV00Y05
OHALL02105_FREST00105,OHALL02105,FREST00105
FHALL00405_OHALL02105,FHALL00405,OHALL02105
FHALL00505_OHALL02105,FHALL00505,OHALL02105
OSTAI00303_ASTAI00401,OSTAI00303,ASTAI00401
OSTAI00403_OSTAI00601,OSTAI00403,OSTAI00601
ALABS00501_OSTAI00601,ALABS00501,OSTAI00601
DSERV00503_OSTAI00403,DSERV00503,OSTAI00403
DSERV00503_OKIOSKHILLSIDE,DSERV00503,OKIOSKHILLSIDE
OKIOSKHILLSIDE_DHALL01503,OKIOSKHILLSIDE,DHALL01503
OSTAI00303_DSERV00503,OSTAI00303,DSERV00503
ADEPT00701_OHALL03901,ADEPT00701,OHALL03901
AHALL00401_OHALL03901,AHALL00401,OHALL03901
OHALL03901_AHALL01301,OHALL03901,AHALL01301
CDEPT00602_OHALL06102,CDEPT00602,OHALL06102
OHALL06202_CRETL00102,OHALL06202,CRETL00102
OHALL06202_CHALL00402,OHALL06202,CHALL00402
OHALL06202_OHALL06102,OHALL06202,OHALL06102
CELEV00302_OHALL06302,CELEV00302,OHALL06302
OHALL06302_CHALL00302,OHALL06302,CHALL00302
OHALL06402_OHALL06102,OHALL06402,OHALL06102
OHALL06402_OHALL06302,OHALL06402,OHALL06302
OHALL06402_CDEPT00302,OHALL06402,CDEPT00302
OHALL06502_CDEPT00902,OHALL06502,CDEPT00902
OHALL06502_CHALL00202,OHALL06502,CHALL00202
OHALL06502_CHALL00302,OHALL06502,CHALL00302
CHALL00902_OHALL06602,CHALL00902,OHALL06602
OHALL06602_CHALL00602,OHALL06602,CHALL00602
OHALL06602_CDEPT00702,OHALL06602,CDEPT00702
CHALL00902_CDEPT00702,CHALL00902,CDEPT00702
CDEPT00702_CHALL00602,CDEPT00702,CHALL00602
DHALL01703_DHALL01803,DHALL01703,DHALL01803
DHALL01803_DDHALL00803,DHALL01803,DDHALL00803
DHALL00903_DDHALL00803,DHALL00903,DDHALL00803
DDHALL00803_DHALL00103,DDHALL00803,DHALL00103
DHALL00703_DDHALL00803,DHALL00703,DDHALL00803
DHALL00903_DHALL01003,DHALL00903,DHALL01003
OBATHHUVOS_OHALL02103,OBATHHUVOS,OHALL02103
OHALL02103_DHALL01103,OHALL02103,DHALL01103
DHALL01103_DHALL01003,DHALL01103,DHALL01003
OHALL02303_DSERV00403,OHALL02303,DSERV00403
OHALL02303_ESTAI00104,OHALL02303,ESTAI00104
DSERV00403_OHALL02403,DSERV00403,OHALL02403
ESTAI00204_OHALL02403,ESTAI00204,OHALL02403
OKIOSKHILLSIDE_DHALL01603,OKIOSKHILLSIDE,DHALL01603
OKIOSKHILLSIDE_DSERV00403,OKIOSKHILLSIDE,DSERV00403
OHALL04701_OHALL03801,OHALL04701,OHALL03801
OHALL03801_OHALL04601,OHALL03801,OHALL04601
OHALL04601_OHALL04501,OHALL04601,OHALL04501
OHALL04501_OHALL04401,OHALL04501,OHALL04401
OHALL04401_OHALL04301,OHALL04401,OHALL04301
OHALL04301_OHALL04201,OHALL04301,OHALL04201
OHALL04201_OHALL04101,OHALL04201,OHALL04101
OHALL04101_OHALL03701,OHALL04101,OHALL03701
OHALL04701_FEXIT00201,OHALL04701,FEXIT00201
OSERV00601_AHALL00101,OSERV00601,AHALL00101
OKIOSK1_AHALL00101,OKIOSK1,AHALL00101
OKIOSK1_AHALL00201,OKIOSK1,AHALL00201
DELEV00Y_EELEV00Y04,DELEV00Y,EELEV00Y04
EELEV00Y04_FELEV00Y05,EELEV00Y04,FELEV00Y05
AELEV00Y01_CELEV00202,AELEV00Y01,CELEV00202
CELEV00202_DELEV00Y,CELEV00202,DELEV00Y
FELEV00Z05_EELEV00Z04,FELEV00Z05,EELEV00Z04
EELEV00Z04_DELEV00Z,EELEV00Z04,DELEV00Z
DELEV00Z_CELEV00302,DELEV00Z,CELEV00302
CELEV00302_OELEVATOR1Bottom,CELEV00302,OELEVATOR1Bottom
OELEVATOR1Bottom_AHALL01901,OELEVATOR1Bottom,AHALL01901
ASTAI00301_OSERV00202,ASTAI00301,OSERV00202
OSERV00202_DSTAI00203,OSERV00202,DSTAI00203
DSTAI00203_ESTAI00504,DSTAI00203,ESTAI00504
EHALL02004_OSERV01304,EHALL02004,OSERV01304
OSERV01304_EDEPT01104,OSERV01304,EDEPT01104
OSERV01304_ESTAI00504,OSERV01304,ESTAI00504
OSERV01304_EHALL01904,OSERV01304,EHALL01904
ESTAI00504_FSTAI00405,ESTAI00504,FSTAI00405
FELEV00Z05_FHALL00405,FELEV00Z05,FHALL00405
FSTAI00505_FHALL01405,FSTAI00505,FHALL01405
FHALL01505_OREST00501,FHALL01505,OREST00501
FHALL01505_OREST00502,FHALL01505,OREST00502
FHALL01005_FDEPT01205,FHALL01005,FDEPT01205
FSTAI00505_ESTAI00604,FSTAI00505,ESTAI00604
FSTAI00505_DSTAI00103,FSTAI00505,DSTAI00103
FSTAI00505_CSTAI00102,FSTAI00505,CSTAI00102
FSTAI00505_ASTAI00201,FSTAI00505,ASTAI00201
ESTAI00604_DSTAI00103,ESTAI00604,DSTAI00103
ESTAI00604_CSTAI00102,ESTAI00604,CSTAI00102
ESTAI00604_ASTAI00201,ESTAI00604,ASTAI00201
DSTAI00103_CSTAI00102,DSTAI00103,CSTAI00102
DSTAI00103_ASTAI00201,DSTAI00103,ASTAI00201
OEXITATRM_AEXIT00101,OEXITATRM,AEXIT00101
AREST00201_AHALL00401,AREST00201,AHALL00401
CSTAI00102_CHALL00702,CSTAI00102,CHALL00702
CELEV00102_CHALL00702,CELEV00102,CHALL00702
CELEV00102_CHALL00802,CELEV00102,CHALL00802
CSTAI00102_CHALL00802,CSTAI00102,CHALL00802
OREST00702_OHALL06302,OREST00702,OHALL06302
DDEPT00103_DHALL00203,DDEPT00103,DHALL00203
DHALL00503_DHALL00403,DHALL00503,DHALL00403
DHALL00603_DHALL00503,DHALL00603,DHALL00503
OHALL02503_DHALL01603,OHALL02503,DHALL01603
OREST00404_EHALL03104,OREST00404,EHALL03104
OREST00404_EREST00204,OREST00404,EREST00204
OREST00304_EHALL03104,OREST00304,EHALL03104
OREST00304_EREST00204,OREST00304,EREST00204
AREST00301_AHALL00401,AREST00301,AHALL00401
ASTAI00201_AHALL00301,ASTAI00201,AHALL00301
AELEV00Y01_DELEV00Y,AELEV00Y01,DELEV00Y
AELEV00Y01_EELEV00Y04,AELEV00Y01,EELEV00Y04
FELEV00Y05_AELEV00Y01,FELEV00Y05,AELEV00Y01
CELEV00202_EELEV00Y04,CELEV00202,EELEV00Y04
CELEV00202_FELEV00Y05,CELEV00202,FELEV00Y05
DELEV00Y_FELEV00Y05,DELEV00Y,FELEV00Y05
FELEV00Z05_DELEV00Z,FELEV00Z05,DELEV00Z
FELEV00Z05_CELEV00302,FELEV00Z05,CELEV00302
FELEV00Z05_OELEVATOR1Bottom,FELEV00Z05,OELEVATOR1Bottom
EELEV00Z04_CELEV00302,EELEV00Z04,CELEV00302
EELEV00Z04_OELEVATOR1Bottom,EELEV00Z04,OELEVATOR1Bottom
ASTAI00301_DSTAI00203,ASTAI00301,DSTAI00203
ASTAI00301_ESTAI00504,ASTAI00301,ESTAI00504
ASTAI00301_FSTAI00405,ASTAI00301,FSTAI00405
OSERV00202_ESTAI00504,OSERV00202,ESTAI00504
DSTAI00203_FSTAI00405,DSTAI00203,FSTAI00405
OSERV00202_FSTAI00405,OSERV00202,FSTAI00405
FELEV00X05_EELEV00X04,FELEV00X05,EELEV00X04
FELEV00X05_DELEV00X,FELEV00X05,DELEV00X
FELEV00X05_CELEV00102,FELEV00X05,CELEV00102
EELEV00X04_DELEV00X,EELEV00X04,DELEV00X
EELEV00X04_CELEV00102,EELEV00X04,CELEV00102
DELEV00X_CELEV00102,DELEV00X,CELEV00102
